{"cameraMode":{"drawMode":0,"name":"Shaded","section":"Shading Mode"},"sceneLighting":false,"audioPlay":false,"sceneViewState":{"m_AlwaysRefresh":false,"showFog":true,"showSkybox":false,"showFlares":true,"showImageEffects":true,"showParticleSystems":true,"showVisualEffectGraphs":true,"m_FxEnabled":true},"in2DMode":false,"pivot":{"x":0.0005653202533721924,"y":0.00517234206199646,"z":0.028314143419265748},"rotation":{"x":-0.2768569886684418,"y":-0.713739812374115,"z":0.38147491216659548,"w":-0.5181249380111694},"size":0.39673107862472536,"orthographic":false}