{"cameraMode":{"drawMode":0,"name":"Shaded","section":"Shading Mode"},"sceneLighting":false,"audioPlay":false,"sceneViewState":{"m_AlwaysRefresh":false,"showFog":true,"showSkybox":false,"showFlares":true,"showImageEffects":true,"showParticleSystems":true,"showVisualEffectGraphs":true,"m_FxEnabled":true},"in2DMode":false,"pivot":{"x":0.010006432421505452,"y":-0.0026010845322161915,"z":0.0012671516742557288},"rotation":{"x":0.038486674427986148,"y":-0.5901720523834229,"z":-0.028134873136878015,"w":-0.8058910369873047},"size":0.004099131096154451,"orthographic":false}