{"cameraMode":{"drawMode":0,"name":"Shaded","section":"Shading Mode"},"sceneLighting":false,"audioPlay":false,"sceneViewState":{"m_AlwaysRefresh":false,"showFog":true,"showSkybox":false,"showFlares":true,"showImageEffects":true,"showParticleSystems":true,"showVisualEffectGraphs":true,"m_FxEnabled":true},"in2DMode":false,"pivot":{"x":0.00548553466796875,"y":0.01578235626220703,"z":0.4498178958892822},"rotation":{"x":-0.2768569886684418,"y":-0.713739812374115,"z":0.38147491216659548,"w":-0.5181249380111694},"size":2.126403331756592,"orthographic":false}