{"cameraMode":{"drawMode":0,"name":"Shaded","section":"Shading Mode"},"sceneLighting":false,"audioPlay":false,"sceneViewState":{"m_AlwaysRefresh":false,"showFog":true,"showSkybox":false,"showFlares":true,"showImageEffects":true,"showParticleSystems":true,"showVisualEffectGraphs":true,"m_FxEnabled":true},"in2DMode":false,"pivot":{"x":4.114586353302002,"y":-0.00019687414169311523,"z":-4.041001796722412},"rotation":{"x":0.18859663605690003,"y":0.8109186291694641,"z":-0.3756520450115204,"w":0.40713807940483096},"size":5.767119884490967,"orthographic":false}