{"cameraMode":{"drawMode":0,"name":"Shaded","section":"Shading Mode"},"sceneLighting":false,"audioPlay":false,"sceneViewState":{"m_AlwaysRefresh":false,"showFog":true,"showSkybox":false,"showFlares":true,"showImageEffects":true,"showParticleSystems":true,"showVisualEffectGraphs":true,"m_FxEnabled":true},"in2DMode":false,"pivot":{"x":0.2408638894557953,"y":1.192352294921875,"z":-0.26829513907432558},"rotation":{"x":-0.2768569886684418,"y":-0.713739812374115,"z":0.38147491216659548,"w":-0.5181249380111694},"size":0.026500387117266656,"orthographic":false}